"id","driver_code","attendance_date","attendance_status"
1,DRIVER034,2024-02-11,true
2,DRIVER021,2024-02-24,true
3,DRIVER034,2024-02-24,true
4,DRIVER027,2024-02-27,true
5,DRIVER018,2024-02-25,false
6,DRIVER016,2024-02-17,false
7,DRIVER011,2024-02-15,true
8,DRIVER011,2024-02-10,true
9,DRIVER006,2024-02-16,true
10,DRIVER027,2024-02-10,true
11,DRIVER020,2024-02-08,true
13,DRIVER019,2024-03-01,false
14,DRIVER020,2024-02-11,false
15,DRIVER013,2024-02-21,true
16,DRIVER010,2024-02-26,false
17,DRIVER006,2024-02-29,false
18,DRIVER011,2024-02-05,false
19,DRIVER013,2024-02-18,false
20,DRIVER008,2024-02-24,true
21,DRIVER013,2024-02-28,false
22,DRIVER010,2024-02-23,false
23,DRIVER010,2024-02-18,false
24,DRIVER006,2024-02-13,true
25,DRIVER002,2024-03-02,true
26,DRIVER005,2024-02-25,false
27,DRIVER013,2024-03-03,true
28,DRIVER026,2024-03-04,true
29,DRIVER007,2024-02-15,true
30,DRIVER022,2024-03-02,false
31,DRIVER021,2024-02-08,false
32,DRIVER029,2024-02-17,true
33,DRIVER020,2024-02-28,true
34,DRIVER005,2024-02-14,true
35,DRIVER018,2024-02-13,false
36,DRIVER001,2024-03-02,false
37,DRIVER007,2024-02-14,false
38,DRIVER004,2024-02-04,true
39,DRIVER021,2024-02-10,false
40,DRIVER031,2024-02-19,false
41,DRIVER033,2024-02-28,true
42,DRIVER006,2024-02-15,true
43,DRIVER004,2024-02-07,false
44,DRIVER003,2024-02-11,false
45,DRIVER028,2024-02-17,false
46,DRIVER033,2024-03-01,true
47,DRIVER004,2024-02-18,true
48,DRIVER031,2024-02-27,true
49,DRIVER008,2024-02-16,true
50,DRIVER022,2024-02-05,false
52,DRIVER009,2024-02-05,true
53,DRIVER034,2024-02-27,true
54,DRIVER027,2024-02-06,false
55,DRIVER006,2024-03-01,true
56,DRIVER034,2024-02-08,true
57,DRIVER009,2024-02-14,true
58,DRIVER015,2024-02-18,false
59,DRIVER004,2024-02-21,true
60,DRIVER034,2024-02-29,false
61,DRIVER021,2024-02-13,false
62,DRIVER032,2024-02-14,false
64,DRIVER033,2024-03-03,true
65,DRIVER029,2024-02-26,true
66,DRIVER031,2024-02-18,true
67,DRIVER013,2024-02-11,false
68,DRIVER015,2024-02-25,true
69,DRIVER029,2024-02-23,false
70,DRIVER012,2024-02-10,false
71,DRIVER017,2024-02-07,true
72,DRIVER012,2024-02-27,true
73,DRIVER025,2024-02-28,false
74,DRIVER019,2024-02-16,true
75,DRIVER011,2024-02-07,false
76,DRIVER008,2024-02-09,false
77,DRIVER003,2024-02-13,false
78,DRIVER006,2024-02-17,false
79,DRIVER017,2024-02-20,true
80,DRIVER007,2024-03-02,false
82,DRIVER027,2024-02-15,false
83,DRIVER013,2024-02-08,false
84,DRIVER001,2024-02-18,true
85,DRIVER024,2024-02-23,true
86,DRIVER005,2024-02-17,false
87,DRIVER017,2024-02-04,false
88,DRIVER006,2024-02-08,true
89,DRIVER031,2024-02-26,true
90,DRIVER012,2024-03-04,true
91,DRIVER009,2024-02-29,true
94,DRIVER025,2024-02-08,true
95,DRIVER007,2024-02-04,true
96,DRIVER019,2024-02-11,false
97,DRIVER030,2024-03-03,true
98,DRIVER020,2024-02-14,true
99,DRIVER016,2024-02-22,false
100,DRIVER031,2024-02-16,true
101,DRIVER011,2024-02-23,true
102,DRIVER011,2024-03-01,true
103,DRIVER002,2024-02-04,true
104,DRIVER008,2024-02-27,false
105,DRIVER012,2024-02-19,true
106,DRIVER035,2024-02-05,true
107,DRIVER002,2024-02-16,false
108,DRIVER031,2024-02-29,true
109,DRIVER015,2024-02-28,false
110,DRIVER022,2024-02-19,true
111,DRIVER023,2024-02-26,true
112,DRIVER032,2024-02-21,false
113,DRIVER008,2024-02-05,false
114,DRIVER004,2024-03-01,true
115,DRIVER023,2024-02-20,true
116,DRIVER013,2024-02-03,false
117,DRIVER019,2024-02-15,true
118,DRIVER014,2024-02-17,true
119,DRIVER003,2024-02-28,false
120,DRIVER012,2024-02-21,true
121,DRIVER024,2024-02-04,false
122,DRIVER035,2024-02-27,false
123,DRIVER001,2024-02-11,true
125,DRIVER020,2024-03-02,false
126,DRIVER028,2024-02-12,true
127,DRIVER017,2024-02-11,true
128,DRIVER005,2024-02-07,true
129,DRIVER020,2024-02-04,false
130,DRIVER010,2024-02-20,true
131,DRIVER015,2024-02-14,true
132,DRIVER004,2024-02-11,false
133,DRIVER007,2024-02-28,false
134,DRIVER004,2024-02-28,true
135,DRIVER026,2024-03-03,true
136,DRIVER035,2024-02-03,false
137,DRIVER007,2024-02-27,true
138,DRIVER017,2024-02-18,true
139,DRIVER001,2024-02-04,true
140,DRIVER035,2024-02-07,true
141,DRIVER017,2024-02-21,true
142,DRIVER003,2024-02-14,true
143,DRIVER034,2024-03-04,false
144,DRIVER007,2024-02-09,true
145,DRIVER027,2024-02-05,false
146,DRIVER015,2024-02-11,false
147,DRIVER001,2024-02-20,true
148,DRIVER022,2024-02-25,false
149,DRIVER032,2024-03-03,true
150,DRIVER015,2024-02-20,true
151,DRIVER034,2024-03-01,false
152,DRIVER029,2024-02-20,true
153,DRIVER006,2024-02-14,false
154,DRIVER011,2024-02-17,true
155,DRIVER005,2024-02-08,true
156,DRIVER005,2024-02-22,true
157,DRIVER004,2024-02-08,false
158,DRIVER026,2024-02-14,false
159,DRIVER001,2024-02-15,true
161,DRIVER002,2024-02-11,true
162,DRIVER031,2024-03-03,false
163,DRIVER012,2024-02-26,true
164,DRIVER017,2024-02-13,true
165,DRIVER018,2024-02-08,true
166,DRIVER006,2024-02-20,true
168,DRIVER006,2024-02-19,true
169,DRIVER008,2024-02-18,true
170,DRIVER019,2024-02-18,false
172,DRIVER030,2024-02-19,false
173,DRIVER024,2024-02-08,false
174,DRIVER032,2024-02-29,true
175,DRIVER002,2024-02-20,true
176,DRIVER031,2024-02-11,true
177,DRIVER004,2024-02-23,true
178,DRIVER003,2024-03-03,true
179,DRIVER011,2024-02-08,true
180,DRIVER011,2024-02-09,true
181,DRIVER008,2024-02-23,false
182,DRIVER028,2024-02-26,true
184,DRIVER003,2024-03-01,true
185,DRIVER027,2024-02-04,false
186,DRIVER020,2024-02-22,false
187,DRIVER017,2024-02-23,false
188,DRIVER006,2024-02-04,true
189,DRIVER025,2024-02-23,false
190,DRIVER013,2024-03-02,true
191,DRIVER022,2024-02-07,false
193,DRIVER003,2024-02-21,false
194,DRIVER015,2024-02-17,true
195,DRIVER017,2024-02-10,true
197,DRIVER022,2024-02-13,false
198,DRIVER032,2024-02-06,false
199,DRIVER010,2024-02-19,false
200,DRIVER003,2024-02-18,false
201,DRIVER007,2024-02-29,false
202,DRIVER033,2024-02-14,true
203,DRIVER014,2024-02-15,false
205,DRIVER009,2024-03-01,true
206,DRIVER034,2024-02-06,true
207,DRIVER002,2024-02-27,false
208,DRIVER016,2024-02-28,false
209,DRIVER033,2024-03-02,true
210,DRIVER010,2024-02-07,true
211,DRIVER001,2024-02-26,true
212,DRIVER028,2024-02-27,false
213,DRIVER035,2024-02-08,true
214,DRIVER027,2024-02-17,true
216,DRIVER002,2024-02-29,false
217,DRIVER029,2024-03-04,false
218,DRIVER019,2024-02-07,true
219,DRIVER028,2024-02-07,true
220,DRIVER031,2024-02-04,false
221,DRIVER005,2024-02-28,false
223,DRIVER031,2024-02-23,false
224,DRIVER007,2024-02-18,true
226,DRIVER032,2024-03-02,true
227,DRIVER020,2024-02-26,false
228,DRIVER015,2024-02-16,false
229,DRIVER035,2024-02-04,false
230,DRIVER018,2024-02-29,false
231,DRIVER018,2024-02-07,true
232,DRIVER008,2024-02-12,true
233,DRIVER007,2024-02-25,true
234,DRIVER002,2024-02-17,true
235,DRIVER021,2024-02-11,true
236,DRIVER002,2024-02-06,true
238,DRIVER006,2024-03-03,true
239,DRIVER007,2024-02-11,true
240,DRIVER010,2024-02-28,false
241,DRIVER028,2024-02-19,false
242,DRIVER035,2024-02-23,false
243,DRIVER024,2024-02-26,true
244,DRIVER034,2024-03-02,true
245,DRIVER015,2024-02-08,false
246,DRIVER008,2024-03-01,false
248,DRIVER027,2024-02-07,true
249,DRIVER009,2024-03-03,false
251,DRIVER030,2024-03-01,false
252,DRIVER028,2024-02-28,true
253,DRIVER027,2024-02-11,false
254,DRIVER001,2024-02-06,false
258,DRIVER027,2024-02-22,false
259,DRIVER011,2024-02-29,false
260,DRIVER027,2024-02-23,false
262,DRIVER012,2024-02-20,true
263,DRIVER031,2024-02-21,false
264,DRIVER014,2024-02-27,true
265,DRIVER003,2024-02-06,false
266,DRIVER024,2024-02-24,true
267,DRIVER013,2024-02-10,true
269,DRIVER004,2024-02-24,false
270,DRIVER012,2024-02-25,true
272,DRIVER019,2024-02-29,false
273,DRIVER035,2024-02-29,false
274,DRIVER005,2024-02-23,true
275,DRIVER032,2024-02-27,true
276,DRIVER026,2024-02-27,true
277,DRIVER021,2024-02-09,true
278,DRIVER022,2024-02-23,false
279,DRIVER032,2024-02-04,false
281,DRIVER027,2024-02-14,false
284,DRIVER027,2024-02-20,true
285,DRIVER028,2024-02-05,true
288,DRIVER007,2024-02-20,true
289,DRIVER008,2024-02-28,false
291,DRIVER009,2024-02-08,false
294,DRIVER024,2024-02-21,true
295,DRIVER031,2024-02-17,true
296,DRIVER028,2024-03-02,true
297,DRIVER019,2024-02-21,false
298,DRIVER011,2024-02-19,true
299,DRIVER019,2024-02-12,false
300,DRIVER012,2024-02-16,true
301,DRIVER029,2024-02-08,true
302,DRIVER029,2024-03-02,false
303,DRIVER017,2024-03-03,true
304,DRIVER020,2024-02-03,false
305,DRIVER020,2024-02-05,true
306,DRIVER020,2024-02-10,false
307,DRIVER022,2024-02-21,true
308,DRIVER009,2024-02-04,true
309,DRIVER015,2024-02-12,false
310,DRIVER012,2024-02-18,true
311,DRIVER031,2024-02-15,true
312,DRIVER025,2024-02-06,false
314,DRIVER024,2024-02-18,false
315,DRIVER016,2024-02-16,true
317,DRIVER021,2024-02-23,false
319,DRIVER018,2024-02-22,false
320,DRIVER027,2024-02-18,false
321,DRIVER022,2024-02-15,true
323,DRIVER023,2024-02-19,false
324,DRIVER023,2024-02-16,false
325,DRIVER005,2024-02-15,true
326,DRIVER001,2024-02-27,false
327,DRIVER031,2024-02-09,false
328,DRIVER018,2024-02-18,true
329,DRIVER007,2024-02-26,true
330,DRIVER004,2024-02-06,false
331,DRIVER022,2024-02-20,true
332,DRIVER028,2024-03-03,true
335,DRIVER034,2024-02-22,true
336,DRIVER032,2024-02-26,true
338,DRIVER013,2024-02-15,true
339,DRIVER015,2024-02-26,true
342,DRIVER008,2024-03-03,false
343,DRIVER029,2024-02-11,false
344,DRIVER031,2024-02-25,true
345,DRIVER005,2024-02-09,false
346,DRIVER025,2024-02-13,false
347,DRIVER007,2024-03-01,false
348,DRIVER016,2024-02-04,true
349,DRIVER019,2024-02-14,true
350,DRIVER034,2024-02-20,false
353,DRIVER009,2024-02-16,false
354,DRIVER027,2024-03-02,true
355,DRIVER016,2024-03-03,false
356,DRIVER026,2024-02-17,true
358,DRIVER030,2024-02-18,true
359,DRIVER026,2024-02-19,false
360,DRIVER024,2024-02-15,true
363,DRIVER008,2024-02-22,true
364,DRIVER029,2024-02-16,true
366,DRIVER012,2024-02-09,true
367,DRIVER032,2024-02-03,false
368,DRIVER024,2024-02-12,false
369,DRIVER032,2024-02-23,true
370,DRIVER029,2024-02-10,true
372,DRIVER018,2024-02-12,false
373,DRIVER033,2024-02-24,false
374,DRIVER017,2024-02-12,true
377,DRIVER031,2024-02-05,false
378,DRIVER033,2024-02-12,true
379,DRIVER030,2024-02-20,false
380,DRIVER010,2024-02-11,false
381,DRIVER011,2024-02-21,true
382,DRIVER005,2024-02-29,true
383,DRIVER002,2024-02-15,false
384,DRIVER008,2024-02-07,false
386,DRIVER025,2024-02-24,false
387,DRIVER020,2024-02-18,true
388,DRIVER035,2024-03-04,false
389,DRIVER015,2024-02-24,false
390,DRIVER030,2024-02-07,false
391,DRIVER018,2024-03-03,false
392,DRIVER017,2024-02-14,false
393,DRIVER002,2024-02-24,false
395,DRIVER034,2024-03-03,false
396,DRIVER022,2024-02-12,true
398,DRIVER029,2024-03-01,true
399,DRIVER010,2024-02-10,false
400,DRIVER030,2024-02-28,true
401,DRIVER012,2024-02-07,false
402,DRIVER035,2024-02-26,false
403,DRIVER023,2024-02-05,false
404,DRIVER001,2024-03-04,true
405,DRIVER029,2024-02-18,false
406,DRIVER003,2024-02-25,false
407,DRIVER022,2024-02-17,false
409,DRIVER013,2024-03-01,false
410,DRIVER009,2024-02-24,true
411,DRIVER002,2024-02-13,false
412,DRIVER026,2024-02-06,false
413,DRIVER023,2024-02-08,false
414,DRIVER032,2024-02-22,false
415,DRIVER009,2024-02-20,true
416,DRIVER033,2024-02-17,false
417,DRIVER022,2024-02-08,false
418,DRIVER018,2024-02-17,true
419,DRIVER028,2024-02-24,false
421,DRIVER024,2024-02-16,false
422,DRIVER030,2024-02-12,false
423,DRIVER009,2024-02-19,false
424,DRIVER006,2024-02-10,false
425,DRIVER009,2024-02-09,true
427,DRIVER022,2024-02-16,true
428,DRIVER030,2024-02-24,true
429,DRIVER023,2024-02-14,true
430,DRIVER021,2024-02-29,true
431,DRIVER032,2024-02-11,false
434,DRIVER012,2024-02-13,false
435,DRIVER006,2024-02-09,true
436,DRIVER027,2024-02-08,false
438,DRIVER019,2024-02-23,true
439,DRIVER005,2024-02-11,false
442,DRIVER017,2024-03-02,false
443,DRIVER008,2024-03-02,false
444,DRIVER023,2024-02-28,true
445,DRIVER004,2024-02-20,false
446,DRIVER022,2024-02-04,true
447,DRIVER002,2024-02-14,true
448,DRIVER009,2024-02-25,true
453,DRIVER030,2024-02-16,false
454,DRIVER006,2024-02-28,false
459,DRIVER016,2024-02-06,true
462,DRIVER023,2024-02-11,false
465,DRIVER031,2024-02-07,true
466,DRIVER011,2024-02-28,true
467,DRIVER035,2024-02-06,false
469,DRIVER024,2024-02-28,false
472,DRIVER035,2024-02-21,false
474,DRIVER020,2024-02-07,false
475,DRIVER027,2024-02-28,true
476,DRIVER027,2024-02-16,false
478,DRIVER014,2024-02-29,false
480,DRIVER023,2024-03-03,false
481,DRIVER026,2024-02-25,false
482,DRIVER017,2024-02-22,false
485,DRIVER013,2024-02-13,true
486,DRIVER006,2024-02-06,false
488,DRIVER033,2024-02-21,true
490,DRIVER013,2024-02-20,true
492,DRIVER025,2024-02-25,true
494,DRIVER031,2024-02-06,true
495,DRIVER028,2024-02-25,false
498,DRIVER029,2024-02-19,true
499,DRIVER006,2024-02-07,true
501,DRIVER019,2024-02-20,false
503,DRIVER018,2024-02-26,false
504,DRIVER027,2024-02-13,false
507,DRIVER018,2024-02-11,false
508,DRIVER002,2024-02-21,true
509,DRIVER007,2024-02-13,true
511,DRIVER005,2024-02-27,true
512,DRIVER009,2024-02-15,true
514,DRIVER030,2024-03-02,true
515,DRIVER025,2024-03-02,false
516,DRIVER016,2024-02-11,false
517,DRIVER020,2024-02-16,false
519,DRIVER023,2024-02-12,true
521,DRIVER002,2024-02-05,true
522,DRIVER030,2024-02-21,false
523,DRIVER029,2024-02-13,false
524,DRIVER005,2024-02-18,false
526,DRIVER026,2024-02-11,true
530,DRIVER004,2024-02-15,true
531,DRIVER021,2024-03-01,true
532,DRIVER022,2024-02-29,false
533,DRIVER017,2024-02-09,true
534,DRIVER033,2024-02-05,true
539,DRIVER016,2024-02-10,false
541,DRIVER015,2024-02-22,true
543,DRIVER024,2024-02-22,false
544,DRIVER002,2024-02-03,false
545,DRIVER031,2024-02-10,false
546,DRIVER026,2024-02-29,false
547,DRIVER017,2024-02-24,false
549,DRIVER033,2024-02-08,false
550,DRIVER033,2024-02-20,true
555,DRIVER034,2024-02-07,true
559,DRIVER035,2024-02-13,false
560,DRIVER025,2024-02-10,false
565,DRIVER023,2024-02-21,false
566,DRIVER035,2024-03-02,false
567,DRIVER018,2024-02-10,false
569,DRIVER033,2024-02-07,false
573,DRIVER034,2024-02-12,false
574,DRIVER020,2024-02-27,false
576,DRIVER035,2024-02-18,false
577,DRIVER033,2024-02-23,false
578,DRIVER009,2024-02-07,false
579,DRIVER002,2024-02-23,false
588,DRIVER004,2024-02-26,true
590,DRIVER001,2024-02-17,true
591,DRIVER005,2024-03-04,true
595,DRIVER026,2024-03-02,true
598,DRIVER010,2024-02-15,false
601,DRIVER033,2024-02-13,true
602,DRIVER022,2024-02-26,false
604,DRIVER022,2024-02-18,true
606,DRIVER017,2024-02-28,true
611,DRIVER009,2024-02-18,false
612,DRIVER020,2024-02-23,true
613,DRIVER035,2024-02-19,false
614,DRIVER013,2024-02-04,true
615,DRIVER016,2024-02-21,false
617,DRIVER003,2024-02-04,false
620,DRIVER009,2024-02-03,false
623,DRIVER034,2024-02-05,false
624,DRIVER023,2024-02-09,false
626,DRIVER018,2024-02-05,false
627,DRIVER030,2024-02-09,true
628,DRIVER009,2024-02-11,false
630,DRIVER007,2024-03-03,false
631,DRIVER023,2024-02-15,true
632,DRIVER013,2024-02-24,false
634,DRIVER011,2024-02-06,false
637,DRIVER002,2024-03-01,true
639,DRIVER035,2024-02-24,true
640,DRIVER003,2024-03-04,false
641,DRIVER034,2024-02-04,false
642,DRIVER030,2024-02-26,false
643,DRIVER010,2024-02-13,true
646,DRIVER012,2024-02-22,true
647,DRIVER030,2024-02-10,false
650,DRIVER023,2024-02-25,false
651,DRIVER025,2024-02-22,false
652,DRIVER023,2024-02-23,false
653,DRIVER024,2024-03-04,true
655,DRIVER012,2024-03-02,false
656,DRIVER018,2024-02-27,true
657,DRIVER021,2024-03-04,false
659,DRIVER025,2024-02-16,false
660,DRIVER015,2024-03-03,false
661,DRIVER026,2024-02-12,false
664,DRIVER009,2024-02-17,true
665,DRIVER022,2024-02-06,true
667,DRIVER026,2024-02-22,true
668,DRIVER017,2024-02-05,false
669,DRIVER007,2024-02-08,true
672,DRIVER019,2024-03-03,false
678,DRIVER005,2024-02-13,true
679,DRIVER004,2024-02-25,true
680,DRIVER011,2024-02-24,true
682,DRIVER026,2024-02-23,true
683,DRIVER026,2024-02-07,false
687,DRIVER022,2024-02-14,false
688,DRIVER001,2024-02-22,false
690,DRIVER033,2024-02-27,false
691,DRIVER033,2024-02-19,true
692,DRIVER006,2024-02-05,true
693,DRIVER027,2024-02-12,false
694,DRIVER001,2024-02-21,false
695,DRIVER013,2024-02-19,false
696,DRIVER035,2024-03-03,false
697,DRIVER029,2024-02-29,true
698,DRIVER032,2024-02-05,true
700,DRIVER006,2024-02-18,true
701,DRIVER014,2024-02-03,false
703,DRIVER019,2024-02-04,true
705,DRIVER015,2024-02-10,false
706,DRIVER020,2024-02-09,true
707,DRIVER002,2024-02-07,true
708,DRIVER016,2024-02-15,true
711,DRIVER001,2024-02-16,true
712,DRIVER035,2024-02-09,true
715,DRIVER009,2024-02-10,true
719,DRIVER004,2024-02-12,false
720,DRIVER005,2024-02-10,true
721,DRIVER030,2024-02-27,false
723,DRIVER029,2024-02-04,false
724,DRIVER014,2024-02-05,true
725,DRIVER032,2024-02-15,false
726,DRIVER012,2024-02-06,true
729,DRIVER017,2024-03-01,true
732,DRIVER035,2024-02-12,true
737,DRIVER026,2024-02-15,false
740,DRIVER014,2024-02-19,true
741,DRIVER034,2024-02-23,false
742,DRIVER026,2024-02-20,true
747,DRIVER014,2024-02-06,false
750,DRIVER023,2024-03-01,false
755,DRIVER018,2024-02-14,false
756,DRIVER021,2024-02-05,false
758,DRIVER015,2024-02-13,true
759,DRIVER030,2024-02-15,true
762,DRIVER032,2024-02-16,false
763,DRIVER031,2024-02-13,true
765,DRIVER027,2024-03-01,false
766,DRIVER014,2024-02-24,true
767,DRIVER010,2024-02-06,false
768,DRIVER034,2024-02-15,true
771,DRIVER011,2024-02-04,true
774,DRIVER027,2024-02-25,false
777,DRIVER014,2024-03-03,true
778,DRIVER002,2024-02-10,true
780,DRIVER001,2024-02-29,false
782,DRIVER023,2024-02-17,false
784,DRIVER019,2024-02-27,false
786,DRIVER025,2024-02-18,false
787,DRIVER007,2024-02-23,true
790,DRIVER009,2024-02-06,false
791,DRIVER008,2024-03-04,true
793,DRIVER021,2024-02-19,true
794,DRIVER026,2024-03-01,false
796,DRIVER027,2024-02-24,false
798,DRIVER012,2024-02-23,true
800,DRIVER033,2024-02-25,false
801,DRIVER034,2024-02-25,false
802,DRIVER018,2024-02-20,false
803,DRIVER013,2024-02-23,false
805,DRIVER002,2024-02-25,true
807,DRIVER029,2024-02-21,false
808,DRIVER008,2024-02-13,false
810,DRIVER015,2024-02-06,true
811,DRIVER003,2024-02-03,true
812,DRIVER013,2024-02-27,false
817,DRIVER034,2024-02-16,false
820,DRIVER016,2024-02-25,false
822,DRIVER014,2024-02-04,false
824,DRIVER012,2024-02-11,true
831,DRIVER024,2024-02-27,true
834,DRIVER011,2024-02-14,true
835,DRIVER033,2024-02-11,true
836,DRIVER011,2024-02-22,true
837,DRIVER022,2024-02-24,false
840,DRIVER009,2024-02-13,true
842,DRIVER010,2024-02-27,false
846,DRIVER016,2024-02-14,false
849,DRIVER025,2024-02-19,true
850,DRIVER029,2024-02-27,true
851,DRIVER022,2024-02-27,false
853,DRIVER012,2024-02-28,false
854,DRIVER032,2024-02-20,true
855,DRIVER027,2024-02-21,false
858,DRIVER013,2024-02-29,false
859,DRIVER016,2024-02-23,true
860,DRIVER027,2024-03-03,false
862,DRIVER003,2024-02-05,false
863,DRIVER016,2024-02-05,false
865,DRIVER020,2024-02-21,true
866,DRIVER008,2024-02-15,true
868,DRIVER009,2024-02-27,true
869,DRIVER007,2024-02-10,false
870,DRIVER017,2024-02-25,true
875,DRIVER010,2024-02-08,false
877,DRIVER019,2024-02-05,true
878,DRIVER003,2024-02-10,false
882,DRIVER030,2024-02-06,false
890,DRIVER010,2024-02-04,true
893,DRIVER003,2024-02-23,true
894,DRIVER002,2024-02-18,false
898,DRIVER005,2024-02-21,true
900,DRIVER013,2024-02-14,true
901,DRIVER021,2024-02-15,true
903,DRIVER021,2024-02-16,true
904,DRIVER009,2024-02-22,true
905,DRIVER035,2024-02-28,true
910,DRIVER032,2024-02-07,false
912,DRIVER004,2024-02-05,true
913,DRIVER004,2024-03-02,false
914,DRIVER007,2024-02-17,false
916,DRIVER010,2024-02-16,false
919,DRIVER027,2024-02-26,true
924,DRIVER024,2024-02-25,true
932,DRIVER025,2024-03-03,false
933,DRIVER010,2024-02-03,false
935,DRIVER023,2024-02-10,true
936,DRIVER001,2024-02-08,true
939,DRIVER019,2024-02-25,false
940,DRIVER034,2024-02-10,true
942,DRIVER023,2024-02-18,false
947,DRIVER004,2024-02-14,true
952,DRIVER004,2024-02-22,true
953,DRIVER010,2024-02-05,true
959,DRIVER016,2024-02-03,true
960,DRIVER029,2024-02-06,false
961,DRIVER015,2024-02-29,true
964,DRIVER007,2024-02-07,true
966,DRIVER020,2024-02-17,true
968,DRIVER018,2024-02-24,true
970,DRIVER024,2024-02-14,false
971,DRIVER006,2024-02-24,false
972,DRIVER021,2024-02-18,true
973,DRIVER013,2024-02-07,true
974,DRIVER026,2024-02-09,false
983,DRIVER008,2024-02-04,false
987,DRIVER026,2024-02-18,true
989,DRIVER022,2024-02-11,true
991,DRIVER010,2024-02-24,false
995,DRIVER029,2024-02-12,false
996,DRIVER025,2024-02-04,true
998,DRIVER033,2024-02-18,true
1001,DRIVER030,2024-03-26,true
1002,DRIVER007,2024-04-01,false
1004,DRIVER030,2024-03-04,false
1005,DRIVER026,2024-03-10,false
1006,DRIVER028,2024-03-10,true
1008,DRIVER020,2024-02-13,true
1014,DRIVER006,2024-02-25,false
1015,DRIVER006,2024-03-12,true
1017,DRIVER001,2024-04-03,true
1018,DRIVER019,2024-02-28,false
1019,DRIVER007,2024-03-28,false
1020,DRIVER027,2024-03-30,true
1021,DRIVER005,2024-03-22,false
1022,DRIVER035,2024-03-17,true
1023,DRIVER009,2024-03-28,true
1024,DRIVER005,2024-03-23,false
1025,DRIVER028,2024-02-06,false
1026,DRIVER025,2024-03-04,false
1027,DRIVER021,2024-03-28,false
1028,DRIVER013,2024-03-05,true
1033,DRIVER022,2024-03-13,false
1034,DRIVER025,2024-03-05,true
1036,DRIVER019,2024-02-08,true
1037,DRIVER023,2024-03-07,false
1038,DRIVER030,2024-03-24,false
1041,DRIVER016,2024-03-23,false
1043,DRIVER028,2024-03-04,true
1044,DRIVER008,2024-03-12,false
1045,DRIVER006,2024-03-30,false
1048,DRIVER015,2024-02-09,true
1049,DRIVER012,2024-03-03,true
1050,DRIVER024,2024-04-02,true
1051,DRIVER015,2024-02-15,true
1052,DRIVER029,2024-03-10,true
1053,DRIVER025,2024-04-02,true
1057,DRIVER029,2024-03-22,false
1058,DRIVER016,2024-03-15,false
1060,DRIVER032,2024-03-18,true
1062,DRIVER027,2024-02-29,true
1064,DRIVER029,2024-03-15,true
1065,DRIVER010,2024-03-30,true
1066,DRIVER029,2024-02-24,false
1068,DRIVER021,2024-03-08,false
1069,DRIVER006,2024-03-18,false
1070,DRIVER004,2024-02-29,true
1071,DRIVER015,2024-03-17,false
1072,DRIVER012,2024-03-21,true
1073,DRIVER030,2024-03-18,false
1075,DRIVER034,2024-03-18,false
1077,DRIVER022,2024-03-22,false
1078,DRIVER033,2024-02-22,true
1079,DRIVER011,2024-03-03,true
1081,DRIVER028,2024-02-09,true
1082,DRIVER024,2024-02-05,false
1085,DRIVER027,2024-03-13,true
1087,DRIVER015,2024-03-26,true
1088,DRIVER034,2024-03-20,true
1090,DRIVER011,2024-02-12,true
1091,DRIVER010,2024-03-15,false
1092,DRIVER026,2024-03-06,true
1093,DRIVER030,2024-03-05,true
1095,DRIVER035,2024-03-31,true
1096,DRIVER015,2024-03-04,true
1098,DRIVER018,2024-03-08,false
1099,DRIVER027,2024-03-17,false
1103,DRIVER011,2024-03-08,true
1104,DRIVER024,2024-03-27,true
1105,DRIVER014,2024-02-26,false
1106,DRIVER021,2024-03-02,true
1107,DRIVER031,2024-03-10,false
1108,DRIVER025,2024-02-20,true
1110,DRIVER016,2024-02-12,false
1111,DRIVER022,2024-03-25,true
1112,DRIVER015,2024-02-04,false
1113,DRIVER005,2024-03-30,false
1114,DRIVER035,2024-02-20,true
1118,DRIVER015,2024-03-12,true
1119,DRIVER003,2024-03-02,false
1120,DRIVER011,2024-03-19,true
1122,DRIVER005,2024-03-16,true
1126,DRIVER005,2024-03-07,true
1127,DRIVER007,2024-04-02,false
1128,DRIVER016,2024-02-26,false
1129,DRIVER024,2024-03-23,true
1130,DRIVER034,2024-04-02,false
1132,DRIVER029,2024-03-21,true
1133,DRIVER011,2024-03-12,true
1135,DRIVER025,2024-03-11,true
1136,DRIVER016,2024-03-02,false
1137,DRIVER006,2024-03-16,false
1139,DRIVER006,2024-03-21,true
1140,DRIVER031,2024-03-28,true
1141,DRIVER031,2024-03-14,false
1142,DRIVER018,2024-02-23,true
1143,DRIVER016,2024-03-28,true
1145,DRIVER005,2024-03-19,false
1147,DRIVER023,2024-03-20,true
1150,DRIVER019,2024-04-02,false
1151,DRIVER024,2024-03-12,false
1152,DRIVER032,2024-02-08,false
1153,DRIVER012,2024-03-31,false
1154,DRIVER016,2024-03-14,true
1155,DRIVER028,2024-02-16,true
1156,DRIVER002,2024-03-13,false
1157,DRIVER019,2024-03-28,false
1158,DRIVER026,2024-03-11,false
1162,DRIVER020,2024-03-10,true
1163,DRIVER014,2024-03-22,true
1165,DRIVER011,2024-03-09,false
1166,DRIVER002,2024-03-10,true
1171,DRIVER025,2024-04-03,false
1173,DRIVER012,2024-02-29,false
1174,DRIVER035,2024-03-12,false
1175,DRIVER001,2024-04-01,false
1179,DRIVER018,2024-04-03,false
1180,DRIVER015,2024-03-01,false
1183,DRIVER001,2024-02-05,false
1185,DRIVER030,2024-03-25,false
1187,DRIVER035,2024-03-05,false
1188,DRIVER023,2024-02-29,false
1190,DRIVER029,2024-02-28,false
1191,DRIVER004,2024-03-03,true
1192,DRIVER030,2024-02-11,true
1193,DRIVER006,2024-02-21,true
1194,DRIVER018,2024-04-01,false
1195,DRIVER026,2024-03-27,true
1196,DRIVER011,2024-03-14,false
1197,DRIVER001,2024-02-25,false
1200,DRIVER004,2024-02-13,true
1202,DRIVER031,2024-03-22,false
1205,DRIVER026,2024-03-13,true
1206,DRIVER005,2024-03-18,true
1209,DRIVER022,2024-03-23,true
1211,DRIVER014,2024-03-06,false
1212,DRIVER024,2024-03-20,true
1213,DRIVER015,2024-03-10,true
1214,DRIVER010,2024-04-01,false
1217,DRIVER018,2024-03-06,true
1220,DRIVER034,2024-03-29,true
1221,DRIVER023,2024-03-10,false
1222,DRIVER028,2024-03-11,true
1225,DRIVER015,2024-03-14,false
1226,DRIVER010,2024-03-20,false
1228,DRIVER001,2024-03-19,false
1229,DRIVER001,2024-02-10,true
1231,DRIVER009,2024-03-25,true
1232,DRIVER006,2024-03-23,false
1234,DRIVER034,2024-03-06,false
1235,DRIVER004,2024-03-15,true
1236,DRIVER022,2024-04-02,true
1237,DRIVER026,2024-03-21,false
1241,DRIVER021,2024-02-04,false
1245,DRIVER030,2024-03-13,false
1247,DRIVER025,2024-03-26,true
1248,DRIVER023,2024-03-19,true
1249,DRIVER016,2024-03-12,false
1250,DRIVER008,2024-02-14,false
1251,DRIVER013,2024-03-30,false
1252,DRIVER004,2024-04-03,false
1256,DRIVER008,2024-02-19,false
1261,DRIVER016,2024-02-20,false
1262,DRIVER034,2024-02-17,false
1264,DRIVER007,2024-03-22,true
1265,DRIVER003,2024-03-22,true
1268,DRIVER020,2024-03-27,false
1269,DRIVER026,2024-02-13,true
1272,DRIVER006,2024-03-13,true
1273,DRIVER033,2024-02-06,true
1275,DRIVER022,2024-03-26,false
1276,DRIVER017,2024-02-17,true
1277,DRIVER033,2024-02-26,true
1280,DRIVER032,2024-03-16,false
1281,DRIVER011,2024-02-16,true
1286,DRIVER032,2024-02-13,false
1287,DRIVER015,2024-03-29,true
1288,DRIVER020,2024-03-20,false
1289,DRIVER027,2024-03-06,true
1290,DRIVER002,2024-02-08,true
1293,DRIVER018,2024-03-19,false
1296,DRIVER025,2024-02-11,true
1297,DRIVER001,2024-04-02,false
1299,DRIVER005,2024-04-01,false
1301,DRIVER001,2024-03-25,true
1302,DRIVER029,2024-03-08,false
1303,DRIVER032,2024-02-17,true
1306,DRIVER010,2024-03-26,false
1307,DRIVER034,2024-03-23,true
1308,DRIVER012,2024-03-06,true
1312,DRIVER020,2024-03-18,false
1313,DRIVER021,2024-04-02,true
1314,DRIVER032,2024-03-27,false
1315,DRIVER014,2024-02-09,true
1317,DRIVER013,2024-03-27,true
1319,DRIVER002,2024-03-08,false
1320,DRIVER024,2024-03-09,false
1321,DRIVER004,2024-03-18,false
1323,DRIVER030,2024-03-28,true
1324,DRIVER018,2024-02-21,false
1326,DRIVER030,2024-02-05,false
1327,DRIVER033,2024-04-02,true
1328,DRIVER003,2024-03-14,true
1330,DRIVER025,2024-03-28,true
1331,DRIVER018,2024-03-01,true
1333,DRIVER003,2024-03-11,false
1334,DRIVER006,2024-02-23,true
1336,DRIVER032,2024-03-25,false
1337,DRIVER010,2024-03-19,false
1338,DRIVER008,2024-03-18,true
1339,DRIVER019,2024-03-07,true
1342,DRIVER017,2024-03-17,false
1343,DRIVER023,2024-02-24,false
1344,DRIVER018,2024-03-22,true
1345,DRIVER023,2024-02-06,false
1347,DRIVER025,2024-02-07,false
1348,DRIVER003,2024-02-16,false
1349,DRIVER032,2024-02-10,true
1350,DRIVER033,2024-03-10,true
1351,DRIVER029,2024-03-18,true
1352,DRIVER025,2024-03-21,true
1353,DRIVER004,2024-03-11,true
1354,DRIVER030,2024-02-03,true
1355,DRIVER016,2024-02-29,true
1356,DRIVER025,2024-03-29,false
1358,DRIVER002,2024-03-23,true
1360,DRIVER021,2024-03-12,true
1361,DRIVER015,2024-02-05,true
1362,DRIVER028,2024-03-21,false
1363,DRIVER031,2024-03-16,true
1366,DRIVER016,2024-03-19,true
1367,DRIVER015,2024-02-19,false
1368,DRIVER012,2024-03-11,true
1369,DRIVER028,2024-02-10,false
1373,DRIVER021,2024-02-12,true
1375,DRIVER015,2024-02-07,false
1377,DRIVER025,2024-03-25,true
1380,DRIVER002,2024-03-21,true
1383,DRIVER020,2024-02-25,false
1388,DRIVER026,2024-03-18,false
1390,DRIVER020,2024-02-15,true
1391,DRIVER004,2024-03-13,true
1393,DRIVER032,2024-04-02,true
1394,DRIVER015,2024-03-19,false
1396,DRIVER010,2024-03-07,true
1401,DRIVER023,2024-02-13,false
1403,DRIVER023,2024-03-22,false
1405,DRIVER005,2024-03-14,false
1407,DRIVER024,2024-03-18,true
1409,DRIVER035,2024-03-30,true
1412,DRIVER003,2024-03-20,false
1415,DRIVER031,2024-04-03,false
1418,DRIVER002,2024-04-01,false
1419,DRIVER020,2024-02-19,true
1422,DRIVER022,2024-03-05,false
1423,DRIVER032,2024-03-07,true
1425,DRIVER006,2024-03-07,true
1426,DRIVER013,2024-03-15,false
1427,DRIVER021,2024-02-25,true
1428,DRIVER022,2024-03-06,false
1429,DRIVER020,2024-04-02,false
1432,DRIVER016,2024-03-29,true
1433,DRIVER002,2024-03-11,true
1434,DRIVER028,2024-04-02,false
1436,DRIVER025,2024-03-09,false
1437,DRIVER018,2024-02-15,true
1438,DRIVER020,2024-02-24,true
1439,DRIVER018,2024-02-16,true
1440,DRIVER029,2024-02-05,false
1441,DRIVER002,2024-03-03,true
1442,DRIVER016,2024-03-25,true
1448,DRIVER005,2024-03-03,false
1450,DRIVER015,2024-03-18,true
1452,DRIVER009,2024-03-08,true
1455,DRIVER019,2024-03-17,true
1456,DRIVER007,2024-02-24,true
1459,DRIVER023,2024-03-04,true
1460,DRIVER035,2024-03-13,false
1461,DRIVER034,2024-03-08,false
1462,DRIVER031,2024-03-17,false
1463,DRIVER003,2024-03-17,false
1465,DRIVER006,2024-03-08,false
1466,DRIVER005,2024-02-26,false
1467,DRIVER014,2024-03-23,false
1468,DRIVER003,2024-03-06,true
1470,DRIVER002,2024-04-02,false
1471,DRIVER011,2024-04-02,false
1473,DRIVER017,2024-02-27,true
1478,DRIVER034,2024-02-09,false
1481,DRIVER029,2024-03-26,true
1482,DRIVER010,2024-03-17,true
1483,DRIVER026,2024-02-05,false
1484,DRIVER034,2024-03-12,false
1485,DRIVER009,2024-03-19,false
1486,DRIVER026,2024-03-30,false
1489,DRIVER028,2024-03-31,false
1490,DRIVER008,2024-03-08,true
1491,DRIVER019,2024-02-17,true
1494,DRIVER017,2024-04-02,false
1495,DRIVER035,2024-03-20,true
1496,DRIVER019,2024-03-27,false
1497,DRIVER029,2024-04-01,false
1498,DRIVER019,2024-03-18,false
1499,DRIVER014,2024-02-16,false
1502,DRIVER020,2024-03-07,false
1506,DRIVER003,2024-03-27,true
1508,DRIVER007,2024-02-05,false
1509,DRIVER023,2024-03-09,true
1510,DRIVER023,2024-03-06,true
1511,DRIVER018,2024-03-04,true
1512,DRIVER014,2024-02-12,false
1513,DRIVER021,2024-02-27,false
1514,DRIVER019,2024-03-13,true
1518,DRIVER021,2024-03-22,false
1519,DRIVER025,2024-03-15,false
1520,DRIVER025,2024-03-08,false
1523,DRIVER028,2024-02-20,true
1525,DRIVER030,2024-03-23,true
1526,DRIVER025,2024-02-26,false
1528,DRIVER012,2024-03-27,true
1529,DRIVER013,2024-03-19,false
1530,DRIVER008,2024-02-29,true
1531,DRIVER011,2024-03-15,true
1532,DRIVER025,2024-03-22,false
1534,DRIVER003,2024-03-26,false
1535,DRIVER021,2024-03-15,true
1536,DRIVER016,2024-03-21,false
1538,DRIVER031,2024-03-13,false
1541,DRIVER024,2024-03-17,true
1542,DRIVER002,2024-03-14,true
1545,DRIVER013,2024-02-25,true
1546,DRIVER020,2024-03-09,false
1548,DRIVER016,2024-04-01,false
1549,DRIVER022,2024-04-01,true
1556,DRIVER013,2024-03-17,true
1557,DRIVER029,2024-03-16,false
1560,DRIVER001,2024-03-18,false
1564,DRIVER025,2024-02-12,true
1570,DRIVER031,2024-03-20,false
1571,DRIVER021,2024-02-22,true
1572,DRIVER017,2024-03-31,false
1573,DRIVER033,2024-03-21,true
1574,DRIVER017,2024-03-30,true
1575,DRIVER025,2024-02-05,true
1576,DRIVER026,2024-03-26,false
1580,DRIVER025,2024-02-14,true
1584,DRIVER017,2024-03-20,false
1585,DRIVER008,2024-03-24,false
1587,DRIVER023,2024-04-02,true
1588,DRIVER032,2024-03-20,false
1591,DRIVER003,2024-03-10,false
1593,DRIVER004,2024-03-21,false
1594,DRIVER010,2024-03-05,true
1595,DRIVER016,2024-03-16,true
1596,DRIVER023,2024-03-27,false
1599,DRIVER005,2024-03-25,true
1600,DRIVER009,2024-03-04,true
1601,DRIVER007,2024-03-12,false
1602,DRIVER008,2024-03-31,false
1603,DRIVER022,2024-03-29,false
1604,DRIVER019,2024-02-13,true
1607,DRIVER034,2024-04-01,false
1610,DRIVER016,2024-03-26,false
1611,DRIVER013,2024-03-23,false
1612,DRIVER019,2024-02-26,true
1613,DRIVER001,2024-03-21,true
1618,DRIVER027,2024-03-16,false
1619,DRIVER020,2024-03-14,false
1620,DRIVER013,2024-02-16,true
1622,DRIVER032,2024-03-17,false
1624,DRIVER030,2024-03-10,true
1626,DRIVER012,2024-02-15,true
1628,DRIVER030,2024-02-22,false
1629,DRIVER031,2024-03-08,true
1630,DRIVER030,2024-02-13,true
1631,DRIVER017,2024-03-22,false
1636,DRIVER019,2024-02-19,false
1639,DRIVER007,2024-03-17,true
1640,DRIVER029,2024-03-30,false
1645,DRIVER010,2024-02-17,true
1648,DRIVER016,2024-02-19,true
1650,DRIVER034,2024-03-14,true
1651,DRIVER033,2024-03-09,true
1653,DRIVER028,2024-03-25,true
1654,DRIVER013,2024-02-22,false
1657,DRIVER031,2024-03-09,true
1658,DRIVER017,2024-03-26,false
1661,DRIVER020,2024-03-22,false
1662,DRIVER008,2024-02-17,false
1663,DRIVER024,2024-04-01,false
1665,DRIVER034,2024-02-19,false
1667,DRIVER029,2024-02-22,true
1668,DRIVER026,2024-02-26,false
1669,DRIVER003,2024-03-28,false
1670,DRIVER035,2024-04-01,false
1671,DRIVER030,2024-02-25,true
1673,DRIVER024,2024-03-14,false
1674,DRIVER009,2024-03-22,true
1675,DRIVER009,2024-03-07,false
1676,DRIVER015,2024-03-08,true
1677,DRIVER013,2024-04-02,true
1682,DRIVER018,2024-03-29,true
1684,DRIVER024,2024-03-02,true
1685,DRIVER030,2024-03-07,true
1686,DRIVER021,2024-03-03,true
1687,DRIVER003,2024-03-21,false
1688,DRIVER035,2024-03-27,true
1689,DRIVER019,2024-02-22,false
1690,DRIVER007,2024-03-16,false
1692,DRIVER034,2024-04-03,true
1693,DRIVER023,2024-03-21,true
1698,DRIVER023,2024-04-01,true
1699,DRIVER030,2024-02-04,true
1701,DRIVER016,2024-03-13,true
1704,DRIVER003,2024-03-05,false
1707,DRIVER014,2024-02-10,true
1712,DRIVER010,2024-02-12,true
1713,DRIVER025,2024-03-24,false
1714,DRIVER014,2024-03-30,true
1715,DRIVER008,2024-03-09,true
1720,DRIVER022,2024-03-09,true
1721,DRIVER022,2024-03-19,true
1722,DRIVER032,2024-03-04,true
1726,DRIVER005,2024-03-08,true
1728,DRIVER013,2024-03-16,true
1732,DRIVER020,2024-03-06,false
1734,DRIVER028,2024-03-19,true
1735,DRIVER021,2024-03-16,false
1736,DRIVER005,2024-02-04,false
1737,DRIVER022,2024-03-27,true
1738,DRIVER011,2024-03-28,true
1739,DRIVER028,2024-02-29,false
1740,DRIVER026,2024-02-21,false
1743,DRIVER025,2024-03-10,false
1745,DRIVER018,2024-03-16,false
1746,DRIVER014,2024-02-21,false
1748,DRIVER022,2024-02-28,true
1750,DRIVER028,2024-03-22,true
1752,DRIVER004,2024-03-26,true
1758,DRIVER029,2024-02-15,true
1760,DRIVER013,2024-03-18,false
1765,DRIVER027,2024-03-23,true
1766,DRIVER016,2024-03-05,false
1767,DRIVER021,2024-03-29,true
1769,DRIVER025,2024-03-19,false
1770,DRIVER033,2024-03-26,true
1772,DRIVER011,2024-03-21,true
1773,DRIVER011,2024-03-02,false
1774,DRIVER009,2024-03-05,false
1776,DRIVER033,2024-03-07,true
1784,DRIVER004,2024-03-30,false
1787,DRIVER004,2024-03-19,false
1791,DRIVER017,2024-03-25,false
1792,DRIVER015,2024-03-30,true
1794,DRIVER030,2024-03-29,true
1795,DRIVER020,2024-03-28,false
1798,DRIVER023,2024-03-13,false
1801,DRIVER013,2024-02-05,false
1804,DRIVER003,2024-03-16,true
1809,DRIVER018,2024-03-14,false
1816,DRIVER035,2024-03-11,false
1818,DRIVER023,2024-03-28,false
1825,DRIVER013,2024-03-21,false
1827,DRIVER007,2024-03-06,true
1828,DRIVER025,2024-02-21,false
1830,DRIVER027,2024-03-26,false
1831,DRIVER027,2024-04-02,true
1835,DRIVER023,2024-03-02,false
1838,DRIVER007,2024-03-25,true
1839,DRIVER007,2024-03-29,true
1841,DRIVER035,2024-03-07,true
1844,DRIVER017,2024-03-29,false
1850,DRIVER030,2024-03-08,false
1853,DRIVER034,2024-02-14,false
1856,DRIVER001,2024-02-19,true
1857,DRIVER033,2024-03-13,true
1858,DRIVER017,2024-03-18,false
1859,DRIVER024,2024-02-06,true
1861,DRIVER004,2024-02-17,false
1865,DRIVER022,2024-03-14,true
1867,DRIVER017,2024-03-09,true
1868,DRIVER008,2024-03-28,false
1871,DRIVER026,2024-03-23,true
1872,DRIVER035,2024-03-26,false
1873,DRIVER016,2024-02-07,true
1874,DRIVER034,2024-03-09,false
1875,DRIVER027,2024-04-01,false
1876,DRIVER018,2024-04-02,true
1880,DRIVER033,2024-03-04,true
1882,DRIVER007,2024-03-05,false
1883,DRIVER014,2024-03-10,true
1885,DRIVER030,2024-03-14,true
1886,DRIVER031,2024-02-08,false
1887,DRIVER008,2024-03-06,false
1888,DRIVER031,2024-02-14,true
1889,DRIVER015,2024-02-27,true
1890,DRIVER014,2024-02-22,false
1893,DRIVER002,2024-02-22,false
1896,DRIVER003,2024-02-15,true
1898,DRIVER014,2024-03-11,false
1899,DRIVER008,2024-03-23,true
1901,DRIVER011,2024-03-29,true
1902,DRIVER029,2024-03-06,false
1903,DRIVER006,2024-03-28,false
1907,DRIVER032,2024-03-23,false
1909,DRIVER008,2024-02-08,false
1910,DRIVER001,2024-03-20,false
1911,DRIVER005,2024-03-27,false
1912,DRIVER002,2024-03-17,true
1914,DRIVER021,2024-03-24,false
1915,DRIVER008,2024-04-02,true
1916,DRIVER009,2024-03-10,true
1919,DRIVER032,2024-02-09,false
1923,DRIVER032,2024-03-24,false
1924,DRIVER034,2024-02-26,false
1926,DRIVER003,2024-02-07,false
1930,DRIVER017,2024-03-28,false
1935,DRIVER001,2024-03-07,true
1941,DRIVER024,2024-03-03,false
1942,DRIVER018,2024-03-18,false
1945,DRIVER019,2024-03-24,false
1946,DRIVER003,2024-02-08,true
1951,DRIVER001,2024-03-23,false
1952,DRIVER027,2024-03-21,false
1957,DRIVER011,2024-03-17,true
1962,DRIVER022,2024-03-12,true
1967,DRIVER017,2024-02-15,false
1969,DRIVER029,2024-03-03,false
1970,DRIVER030,2024-03-15,true
1972,DRIVER021,2024-03-11,false
1973,DRIVER028,2024-03-05,true
1974,DRIVER002,2024-03-24,false
1979,DRIVER004,2024-02-27,false
1980,DRIVER010,2024-03-01,false
1983,DRIVER013,2024-03-28,true
1984,DRIVER020,2024-03-01,false
1985,DRIVER035,2024-03-22,true
1986,DRIVER022,2024-03-21,true
1988,DRIVER024,2024-03-30,false
1991,DRIVER024,2024-02-10,true
1992,DRIVER022,2024-03-03,true
1993,DRIVER010,2024-03-21,true
1996,DRIVER009,2024-03-21,true
